PRAGMA foreign_keys=OFF;
BEGIN TRANSACTION;
CREATE TABLE IF NOT EXISTS "django_migrations" ("id" integer NOT NULL PRIMARY KEY AUTOINCREMENT, "app" varchar(255) NOT NULL, "name" varchar(255) NOT NULL, "applied" datetime NOT NULL);
INSERT INTO django_migrations VALUES(1,'contenttypes','0001_initial','2023-09-26 00:56:33.558847');
INSERT INTO django_migrations VALUES(2,'auth','0001_initial','2023-09-26 00:56:33.603841');
INSERT INTO django_migrations VALUES(3,'admin','0001_initial','2023-09-26 00:56:33.642270');
INSERT INTO django_migrations VALUES(4,'admin','0002_logentry_remove_auto_add','2023-09-26 00:56:33.759498');
INSERT INTO django_migrations VALUES(5,'admin','0003_logentry_add_action_flag_choices','2023-09-26 00:56:33.784508');
INSERT INTO django_migrations VALUES(6,'contenttypes','0002_remove_content_type_name','2023-09-26 00:56:33.845507');
INSERT INTO django_migrations VALUES(7,'auth','0002_alter_permission_name_max_length','2023-09-26 00:56:33.879046');
INSERT INTO django_migrations VALUES(8,'auth','0003_alter_user_email_max_length','2023-09-26 00:56:33.917048');
INSERT INTO django_migrations VALUES(9,'auth','0004_alter_user_username_opts','2023-09-26 00:56:33.942061');
INSERT INTO django_migrations VALUES(10,'auth','0005_alter_user_last_login_null','2023-09-26 00:56:33.981051');
INSERT INTO django_migrations VALUES(11,'auth','0006_require_contenttypes_0002','2023-09-26 00:56:33.995053');
INSERT INTO django_migrations VALUES(12,'auth','0007_alter_validators_add_error_messages','2023-09-26 00:56:34.017057');
INSERT INTO django_migrations VALUES(13,'auth','0008_alter_user_username_max_length','2023-09-26 00:56:34.048057');
INSERT INTO django_migrations VALUES(14,'auth','0009_alter_user_last_name_max_length','2023-09-26 00:56:34.083525');
INSERT INTO django_migrations VALUES(15,'auth','0010_alter_group_name_max_length','2023-09-26 00:56:34.126564');
INSERT INTO django_migrations VALUES(16,'auth','0011_update_proxy_permissions','2023-09-26 00:56:34.147567');
INSERT INTO django_migrations VALUES(17,'auth','0012_alter_user_first_name_max_length','2023-09-26 00:56:34.187440');
INSERT INTO django_migrations VALUES(18,'mainPage','0001_initial','2023-09-26 00:56:34.407468');
INSERT INTO django_migrations VALUES(19,'sessions','0001_initial','2023-09-26 00:56:34.429476');
INSERT INTO django_migrations VALUES(20,'cal','0001_initial','2023-10-03 01:17:15.779277');
INSERT INTO django_migrations VALUES(21,'mainPage','0002_alter_beca_nombre_alter_documentos_descripcion_and_more','2023-10-03 01:17:15.913318');
INSERT INTO django_migrations VALUES(22,'mainPage','0003_remove_becas_fav_unique_foraneas_favoritos_and_more','2023-10-03 01:17:15.984888');
CREATE TABLE IF NOT EXISTS "auth_group_permissions" ("id" integer NOT NULL PRIMARY KEY AUTOINCREMENT, "group_id" integer NOT NULL REFERENCES "auth_group" ("id") DEFERRABLE INITIALLY DEFERRED, "permission_id" integer NOT NULL REFERENCES "auth_permission" ("id") DEFERRABLE INITIALLY DEFERRED);
CREATE TABLE IF NOT EXISTS "auth_user_groups" ("id" integer NOT NULL PRIMARY KEY AUTOINCREMENT, "user_id" integer NOT NULL REFERENCES "auth_user" ("id") DEFERRABLE INITIALLY DEFERRED, "group_id" integer NOT NULL REFERENCES "auth_group" ("id") DEFERRABLE INITIALLY DEFERRED);
CREATE TABLE IF NOT EXISTS "auth_user_user_permissions" ("id" integer NOT NULL PRIMARY KEY AUTOINCREMENT, "user_id" integer NOT NULL REFERENCES "auth_user" ("id") DEFERRABLE INITIALLY DEFERRED, "permission_id" integer NOT NULL REFERENCES "auth_permission" ("id") DEFERRABLE INITIALLY DEFERRED);
CREATE TABLE IF NOT EXISTS "django_admin_log" ("id" integer NOT NULL PRIMARY KEY AUTOINCREMENT, "object_id" text NULL, "object_repr" varchar(200) NOT NULL, "action_flag" smallint unsigned NOT NULL CHECK ("action_flag" >= 0), "change_message" text NOT NULL, "content_type_id" integer NULL REFERENCES "django_content_type" ("id") DEFERRABLE INITIALLY DEFERRED, "user_id" integer NOT NULL REFERENCES "auth_user" ("id") DEFERRABLE INITIALLY DEFERRED, "action_time" datetime NOT NULL);
CREATE TABLE IF NOT EXISTS "django_content_type" ("id" integer NOT NULL PRIMARY KEY AUTOINCREMENT, "app_label" varchar(100) NOT NULL, "model" varchar(100) NOT NULL);
INSERT INTO django_content_type VALUES(1,'admin','logentry');
INSERT INTO django_content_type VALUES(2,'auth','permission');
INSERT INTO django_content_type VALUES(3,'auth','group');
INSERT INTO django_content_type VALUES(4,'auth','user');
INSERT INTO django_content_type VALUES(5,'contenttypes','contenttype');
INSERT INTO django_content_type VALUES(6,'sessions','session');
INSERT INTO django_content_type VALUES(7,'mainPage','beca');
INSERT INTO django_content_type VALUES(8,'mainPage','becas_fav');
INSERT INTO django_content_type VALUES(9,'mainPage','configuracion_becas');
INSERT INTO django_content_type VALUES(10,'mainPage','documentos');
INSERT INTO django_content_type VALUES(11,'mainPage','facultad');
INSERT INTO django_content_type VALUES(12,'mainPage','fundacion');
INSERT INTO django_content_type VALUES(13,'mainPage','requisitos');
INSERT INTO django_content_type VALUES(14,'mainPage','universidad');
INSERT INTO django_content_type VALUES(15,'mainPage','union_u_f');
INSERT INTO django_content_type VALUES(16,'mainPage','facultad_fav');
INSERT INTO django_content_type VALUES(17,'mainPage','universidad_fav');
INSERT INTO django_content_type VALUES(18,'cal','event');
CREATE TABLE IF NOT EXISTS "auth_permission" ("id" integer NOT NULL PRIMARY KEY AUTOINCREMENT, "content_type_id" integer NOT NULL REFERENCES "django_content_type" ("id") DEFERRABLE INITIALLY DEFERRED, "codename" varchar(100) NOT NULL, "name" varchar(255) NOT NULL);
INSERT INTO auth_permission VALUES(1,1,'add_logentry','Can add log entry');
INSERT INTO auth_permission VALUES(2,1,'change_logentry','Can change log entry');
INSERT INTO auth_permission VALUES(3,1,'delete_logentry','Can delete log entry');
INSERT INTO auth_permission VALUES(4,1,'view_logentry','Can view log entry');
INSERT INTO auth_permission VALUES(5,2,'add_permission','Can add permission');
INSERT INTO auth_permission VALUES(6,2,'change_permission','Can change permission');
INSERT INTO auth_permission VALUES(7,2,'delete_permission','Can delete permission');
INSERT INTO auth_permission VALUES(8,2,'view_permission','Can view permission');
INSERT INTO auth_permission VALUES(9,3,'add_group','Can add group');
INSERT INTO auth_permission VALUES(10,3,'change_group','Can change group');
INSERT INTO auth_permission VALUES(11,3,'delete_group','Can delete group');
INSERT INTO auth_permission VALUES(12,3,'view_group','Can view group');
INSERT INTO auth_permission VALUES(13,4,'add_user','Can add user');
INSERT INTO auth_permission VALUES(14,4,'change_user','Can change user');
INSERT INTO auth_permission VALUES(15,4,'delete_user','Can delete user');
INSERT INTO auth_permission VALUES(16,4,'view_user','Can view user');
INSERT INTO auth_permission VALUES(17,5,'add_contenttype','Can add content type');
INSERT INTO auth_permission VALUES(18,5,'change_contenttype','Can change content type');
INSERT INTO auth_permission VALUES(19,5,'delete_contenttype','Can delete content type');
INSERT INTO auth_permission VALUES(20,5,'view_contenttype','Can view content type');
INSERT INTO auth_permission VALUES(21,6,'add_session','Can add session');
INSERT INTO auth_permission VALUES(22,6,'change_session','Can change session');
INSERT INTO auth_permission VALUES(23,6,'delete_session','Can delete session');
INSERT INTO auth_permission VALUES(24,6,'view_session','Can view session');
INSERT INTO auth_permission VALUES(25,7,'add_beca','Can add beca');
INSERT INTO auth_permission VALUES(26,7,'change_beca','Can change beca');
INSERT INTO auth_permission VALUES(27,7,'delete_beca','Can delete beca');
INSERT INTO auth_permission VALUES(28,7,'view_beca','Can view beca');
INSERT INTO auth_permission VALUES(29,8,'add_becas_fav','Can add becas_ fav');
INSERT INTO auth_permission VALUES(30,8,'change_becas_fav','Can change becas_ fav');
INSERT INTO auth_permission VALUES(31,8,'delete_becas_fav','Can delete becas_ fav');
INSERT INTO auth_permission VALUES(32,8,'view_becas_fav','Can view becas_ fav');
INSERT INTO auth_permission VALUES(33,9,'add_configuracion_becas','Can add configuracion_ becas');
INSERT INTO auth_permission VALUES(34,9,'change_configuracion_becas','Can change configuracion_ becas');
INSERT INTO auth_permission VALUES(35,9,'delete_configuracion_becas','Can delete configuracion_ becas');
INSERT INTO auth_permission VALUES(36,9,'view_configuracion_becas','Can view configuracion_ becas');
INSERT INTO auth_permission VALUES(37,10,'add_documentos','Can add documentos');
INSERT INTO auth_permission VALUES(38,10,'change_documentos','Can change documentos');
INSERT INTO auth_permission VALUES(39,10,'delete_documentos','Can delete documentos');
INSERT INTO auth_permission VALUES(40,10,'view_documentos','Can view documentos');
INSERT INTO auth_permission VALUES(41,11,'add_facultad','Can add facultad');
INSERT INTO auth_permission VALUES(42,11,'change_facultad','Can change facultad');
INSERT INTO auth_permission VALUES(43,11,'delete_facultad','Can delete facultad');
INSERT INTO auth_permission VALUES(44,11,'view_facultad','Can view facultad');
INSERT INTO auth_permission VALUES(45,12,'add_fundacion','Can add fundacion');
INSERT INTO auth_permission VALUES(46,12,'change_fundacion','Can change fundacion');
INSERT INTO auth_permission VALUES(47,12,'delete_fundacion','Can delete fundacion');
INSERT INTO auth_permission VALUES(48,12,'view_fundacion','Can view fundacion');
INSERT INTO auth_permission VALUES(49,13,'add_requisitos','Can add requisitos');
INSERT INTO auth_permission VALUES(50,13,'change_requisitos','Can change requisitos');
INSERT INTO auth_permission VALUES(51,13,'delete_requisitos','Can delete requisitos');
INSERT INTO auth_permission VALUES(52,13,'view_requisitos','Can view requisitos');
INSERT INTO auth_permission VALUES(53,14,'add_universidad','Can add universidad');
INSERT INTO auth_permission VALUES(54,14,'change_universidad','Can change universidad');
INSERT INTO auth_permission VALUES(55,14,'delete_universidad','Can delete universidad');
INSERT INTO auth_permission VALUES(56,14,'view_universidad','Can view universidad');
INSERT INTO auth_permission VALUES(57,15,'add_union_u_f','Can add union_ u_f');
INSERT INTO auth_permission VALUES(58,15,'change_union_u_f','Can change union_ u_f');
INSERT INTO auth_permission VALUES(59,15,'delete_union_u_f','Can delete union_ u_f');
INSERT INTO auth_permission VALUES(60,15,'view_union_u_f','Can view union_ u_f');
INSERT INTO auth_permission VALUES(61,16,'add_facultad_fav','Can add facultad_fav');
INSERT INTO auth_permission VALUES(62,16,'change_facultad_fav','Can change facultad_fav');
INSERT INTO auth_permission VALUES(63,16,'delete_facultad_fav','Can delete facultad_fav');
INSERT INTO auth_permission VALUES(64,16,'view_facultad_fav','Can view facultad_fav');
INSERT INTO auth_permission VALUES(65,17,'add_universidad_fav','Can add universidad_fav');
INSERT INTO auth_permission VALUES(66,17,'change_universidad_fav','Can change universidad_fav');
INSERT INTO auth_permission VALUES(67,17,'delete_universidad_fav','Can delete universidad_fav');
INSERT INTO auth_permission VALUES(68,17,'view_universidad_fav','Can view universidad_fav');
INSERT INTO auth_permission VALUES(69,18,'add_event','Can add event');
INSERT INTO auth_permission VALUES(70,18,'change_event','Can change event');
INSERT INTO auth_permission VALUES(71,18,'delete_event','Can delete event');
INSERT INTO auth_permission VALUES(72,18,'view_event','Can view event');
CREATE TABLE IF NOT EXISTS "auth_group" ("id" integer NOT NULL PRIMARY KEY AUTOINCREMENT, "name" varchar(150) NOT NULL UNIQUE);
CREATE TABLE IF NOT EXISTS "auth_user" ("id" integer NOT NULL PRIMARY KEY AUTOINCREMENT, "password" varchar(128) NOT NULL, "last_login" datetime NULL, "is_superuser" bool NOT NULL, "username" varchar(150) NOT NULL UNIQUE, "last_name" varchar(150) NOT NULL, "email" varchar(254) NOT NULL, "is_staff" bool NOT NULL, "is_active" bool NOT NULL, "date_joined" datetime NOT NULL, "first_name" varchar(150) NOT NULL);
INSERT INTO auth_user VALUES(1,'pbkdf2_sha256$600000$IOK47piUm7ZejhmPiutDqZ$5S2khN0gcqDTNtRfa7PyhJNNxnodNumDw8gzBfeuHmQ=','2023-09-26 00:58:09.772994',1,'Kinder','','davidsantiagocastilla@gmail.com',1,1,'2023-09-26 00:57:54.345423','');
INSERT INTO auth_user VALUES(2,'pbkdf2_sha256$600000$1fSlcG3F0d75jF5jYEQV0S$da0CqPQ+AZg3sLOgbHpp8WPBTMnuGHiW1q4XsFQd6rs=','2023-09-26 01:26:13.569500',1,'luise','','luis@gmail.com',1,1,'2023-09-26 01:25:45.003545','');
INSERT INTO auth_user VALUES(3,'pbkdf2_sha256$600000$W2HlowMg8zZzRvRJ07rn6k$LyixlGtQDV8ZU4DTYctrZY2e2AvLN1ZrR9ze07E1wl8=','2023-09-26 02:05:33.265077',0,'BrayanAgray1','Agray','brayanagray1@gmail.com',0,1,'2023-09-26 02:05:32.745079','Brayan');
CREATE TABLE IF NOT EXISTS "mainPage_fundacion" ("id" integer NOT NULL PRIMARY KEY AUTOINCREMENT, "nombre" varchar(30) NOT NULL, "tipo" varchar(20) NOT NULL);
CREATE TABLE IF NOT EXISTS "Facultad" ("id" integer NOT NULL PRIMARY KEY AUTOINCREMENT, "nombre" varchar(30) NOT NULL, "descripcion" varchar(30) NOT NULL, CONSTRAINT "unique_foraneas_Facultad" UNIQUE ("nombre"));
CREATE TABLE IF NOT EXISTS "Beca_Documentos" ("id" integer NOT NULL PRIMARY KEY AUTOINCREMENT, "beca_id" integer NOT NULL REFERENCES "Beca" ("id") DEFERRABLE INITIALLY DEFERRED, "documentos_id" integer NOT NULL REFERENCES "mainPage_documentos" ("id") DEFERRABLE INITIALLY DEFERRED);
CREATE TABLE IF NOT EXISTS "Beca_Requisitos" ("id" integer NOT NULL PRIMARY KEY AUTOINCREMENT, "beca_id" integer NOT NULL REFERENCES "Beca" ("id") DEFERRABLE INITIALLY DEFERRED, "requisitos_id" integer NOT NULL REFERENCES "mainPage_requisitos" ("id") DEFERRABLE INITIALLY DEFERRED);
CREATE TABLE IF NOT EXISTS "mainPage_union_u_f" ("id" integer NOT NULL PRIMARY KEY AUTOINCREMENT, "facultad_id" integer NOT NULL REFERENCES "Facultad" ("id") DEFERRABLE INITIALLY DEFERRED, "univeridad_id" integer NOT NULL REFERENCES "Universidad" ("id") DEFERRABLE INITIALLY DEFERRED, CONSTRAINT "unique_foraneas_union" UNIQUE ("univeridad_id", "facultad_id"));
CREATE TABLE IF NOT EXISTS "mainPage_configuracion_becas" ("id" integer NOT NULL PRIMARY KEY AUTOINCREMENT, "Beca_id" integer NOT NULL REFERENCES "Beca" ("id") DEFERRABLE INITIALLY DEFERRED, "Fundacion_id" integer NOT NULL REFERENCES "mainPage_fundacion" ("id") DEFERRABLE INITIALLY DEFERRED, "Union_U_F_id" integer NOT NULL REFERENCES "mainPage_union_u_f" ("id") DEFERRABLE INITIALLY DEFERRED, CONSTRAINT "unique_foraneas_configuracion" UNIQUE ("Union_U_F_id", "Beca_id", "Fundacion_id"));
CREATE TABLE IF NOT EXISTS "django_session" ("session_key" varchar(40) NOT NULL PRIMARY KEY, "session_data" text NOT NULL, "expire_date" datetime NOT NULL);
INSERT INTO django_session VALUES('zfnb3fseyef4nyz642r8naqunazet7q4','.eJxVjDsOwjAUBO_iGln4-ROHkj5nsNb2Mw6gRIqTCnF3iJQC2p2ZfYmAba1ha7yEMYuLUOL0u0WkB087yHdMt1mmeVqXMcpdkQdtcpgzP6-H-3dQ0eq31pac8gZAAqseHFmRNtYbSrovRYHYcdb5jOhihAP54skak7pOORLvD_HsOBo:1qkwOv:n6dB5CZ0lMcqOeda_nySIYXBElX93U3Wzg4UoOyfJV4','2023-10-10 00:58:09.783998');
INSERT INTO django_session VALUES('onjwmn1m07bcugbw9zxnb1z14p4yyoj6','.eJxVjMsOwiAQRf-FtSE8ZACX7vsNBAZGqgaS0q6M_65NutDtPefcFwtxW2vYRlnCnNmFKXb63VLER2k7yPfYbp1jb-syJ74r_KCDTz2X5_Vw_w5qHPVbmyysIvBeWAIpAfFM6CRaKSBrnSKBc1kAWu3IFErgfEw6FVKoDRF7fwDYNThJ:1qkwq5:CTUoFqSpx0Zbiv9Q8EcTSpBwPRauI98vpli7OfOio1E','2023-10-10 01:26:13.680230');
INSERT INTO django_session VALUES('9f5ohse0h4wt1n1v5ii0p7fsxuhy1i0t','.eJxVjDsOwjAQBe_iGllZb_yBkj5nsLzeDQ4gR4qTCnF3iJQC2jcz76Vi2tYStyZLnFhdFKrT70YpP6TugO-p3mad57ouE-ld0QdtephZntfD_TsoqZVv3ZNgYGMcQBAKPTry4hNY6iDwiEDkOTiHwWY4Y2cTAno0MnoLYkS9P8vSNw4:1qkxSB:zNmt130c6wv0HM4dGRuWgbMeC8UhnkVaV9R6cpx16Cw','2023-10-10 02:05:35.924895');
CREATE TABLE IF NOT EXISTS "cal_event" ("id" integer NOT NULL PRIMARY KEY AUTOINCREMENT, "title" varchar(200) NOT NULL, "description" text NOT NULL, "start_time" datetime NOT NULL, "end_time" datetime NOT NULL);
CREATE TABLE IF NOT EXISTS "mainPage_documentos" ("id" integer NOT NULL PRIMARY KEY AUTOINCREMENT, "Descripcion" varchar(200) NOT NULL);
CREATE TABLE IF NOT EXISTS "mainPage_requisitos" ("id" integer NOT NULL PRIMARY KEY AUTOINCREMENT, "Descripcion" varchar(200) NOT NULL);
CREATE TABLE IF NOT EXISTS "Universidad" ("id" integer NOT NULL PRIMARY KEY AUTOINCREMENT, "nit" integer NOT NULL, "ciudad" varchar(50) NOT NULL, "pais" varchar(50) NOT NULL, "nombre" varchar(50) NOT NULL);
CREATE TABLE IF NOT EXISTS "Beca" ("id" integer NOT NULL PRIMARY KEY AUTOINCREMENT, "nombre" varchar(50) NOT NULL, "tipo" varchar(10) NOT NULL, "Descripcion" varchar(1000) NOT NULL, "valor" varchar(100) NOT NULL, CONSTRAINT "unique_foraneas_Beca" UNIQUE ("nombre"));
CREATE TABLE IF NOT EXISTS "mainPage_becas_fav" ("id" integer NOT NULL PRIMARY KEY AUTOINCREMENT, "tipo" varchar(10) NOT NULL, "Configuracion_Becas_id" integer NOT NULL REFERENCES "mainPage_configuracion_becas" ("id") DEFERRABLE INITIALLY DEFERRED, "usuario_id" integer NOT NULL REFERENCES "auth_user" ("id") DEFERRABLE INITIALLY DEFERRED, CONSTRAINT "unique_foraneas_favoritos_Beca" UNIQUE ("usuario_id", "Configuracion_Becas_id", "tipo"));
CREATE TABLE IF NOT EXISTS "mainPage_facultad_fav" ("id" integer NOT NULL PRIMARY KEY AUTOINCREMENT, "Estudiante_id" integer NOT NULL REFERENCES "auth_user" ("id") DEFERRABLE INITIALLY DEFERRED, "Facultad_id" integer NOT NULL REFERENCES "Facultad" ("id") DEFERRABLE INITIALLY DEFERRED, CONSTRAINT "unique_foraneas_favoritos_Facultad" UNIQUE ("Facultad_id", "Estudiante_id"));
CREATE TABLE IF NOT EXISTS "mainPage_universidad_fav" ("id" integer NOT NULL PRIMARY KEY AUTOINCREMENT, "Estudiante_id" integer NOT NULL REFERENCES "auth_user" ("id") DEFERRABLE INITIALLY DEFERRED, "Universidad_id" integer NOT NULL REFERENCES "Universidad" ("id") DEFERRABLE INITIALLY DEFERRED, CONSTRAINT "unique_foraneas_favoritos_Universidad" UNIQUE ("Universidad_id", "Estudiante_id"));
DELETE FROM sqlite_sequence;
INSERT INTO sqlite_sequence VALUES('django_migrations',22);
INSERT INTO sqlite_sequence VALUES('django_admin_log',0);
INSERT INTO sqlite_sequence VALUES('django_content_type',18);
INSERT INTO sqlite_sequence VALUES('auth_permission',72);
INSERT INTO sqlite_sequence VALUES('auth_group',0);
INSERT INTO sqlite_sequence VALUES('auth_user',3);
INSERT INTO sqlite_sequence VALUES('Facultad',0);
INSERT INTO sqlite_sequence VALUES('mainPage_union_u_f',0);
INSERT INTO sqlite_sequence VALUES('mainPage_configuracion_becas',0);
INSERT INTO sqlite_sequence VALUES('mainPage_documentos',0);
INSERT INTO sqlite_sequence VALUES('mainPage_requisitos',0);
INSERT INTO sqlite_sequence VALUES('Universidad',0);
INSERT INTO sqlite_sequence VALUES('Beca',0);
INSERT INTO sqlite_sequence VALUES('mainPage_becas_fav',0);
INSERT INTO sqlite_sequence VALUES('mainPage_facultad_fav',0);
INSERT INTO sqlite_sequence VALUES('mainPage_universidad_fav',0);
CREATE UNIQUE INDEX "auth_group_permissions_group_id_permission_id_0cd325b0_uniq" ON "auth_group_permissions" ("group_id", "permission_id");
CREATE INDEX "auth_group_permissions_group_id_b120cbf9" ON "auth_group_permissions" ("group_id");
CREATE INDEX "auth_group_permissions_permission_id_84c5c92e" ON "auth_group_permissions" ("permission_id");
CREATE UNIQUE INDEX "auth_user_groups_user_id_group_id_94350c0c_uniq" ON "auth_user_groups" ("user_id", "group_id");
CREATE INDEX "auth_user_groups_user_id_6a12ed8b" ON "auth_user_groups" ("user_id");
CREATE INDEX "auth_user_groups_group_id_97559544" ON "auth_user_groups" ("group_id");
CREATE UNIQUE INDEX "auth_user_user_permissions_user_id_permission_id_14a6b632_uniq" ON "auth_user_user_permissions" ("user_id", "permission_id");
CREATE INDEX "auth_user_user_permissions_user_id_a95ead1b" ON "auth_user_user_permissions" ("user_id");
CREATE INDEX "auth_user_user_permissions_permission_id_1fbb5f2c" ON "auth_user_user_permissions" ("permission_id");
CREATE INDEX "django_admin_log_content_type_id_c4bce8eb" ON "django_admin_log" ("content_type_id");
CREATE INDEX "django_admin_log_user_id_c564eba6" ON "django_admin_log" ("user_id");
CREATE UNIQUE INDEX "django_content_type_app_label_model_76bd3d3b_uniq" ON "django_content_type" ("app_label", "model");
CREATE UNIQUE INDEX "auth_permission_content_type_id_codename_01ab375a_uniq" ON "auth_permission" ("content_type_id", "codename");
CREATE INDEX "auth_permission_content_type_id_2f476e4b" ON "auth_permission" ("content_type_id");
CREATE UNIQUE INDEX "Beca_Documentos_beca_id_documentos_id_beecf96b_uniq" ON "Beca_Documentos" ("beca_id", "documentos_id");
CREATE INDEX "Beca_Documentos_beca_id_60f03d8b" ON "Beca_Documentos" ("beca_id");
CREATE INDEX "Beca_Documentos_documentos_id_11e1a923" ON "Beca_Documentos" ("documentos_id");
CREATE UNIQUE INDEX "Beca_Requisitos_beca_id_requisitos_id_e8fe0ba1_uniq" ON "Beca_Requisitos" ("beca_id", "requisitos_id");
CREATE INDEX "Beca_Requisitos_beca_id_27ebb4a2" ON "Beca_Requisitos" ("beca_id");
CREATE INDEX "Beca_Requisitos_requisitos_id_7463217f" ON "Beca_Requisitos" ("requisitos_id");
CREATE INDEX "mainPage_union_u_f_facultad_id_26d40cee" ON "mainPage_union_u_f" ("facultad_id");
CREATE INDEX "mainPage_union_u_f_univeridad_id_89521ddc" ON "mainPage_union_u_f" ("univeridad_id");
CREATE INDEX "mainPage_configuracion_becas_Beca_id_8bfda146" ON "mainPage_configuracion_becas" ("Beca_id");
CREATE INDEX "mainPage_configuracion_becas_Fundacion_id_b71671a7" ON "mainPage_configuracion_becas" ("Fundacion_id");
CREATE INDEX "mainPage_configuracion_becas_Union_U_F_id_2fdf61de" ON "mainPage_configuracion_becas" ("Union_U_F_id");
CREATE INDEX "django_session_expire_date_a5c62663" ON "django_session" ("expire_date");
CREATE INDEX "mainPage_becas_fav_Configuracion_Becas_id_992e78eb" ON "mainPage_becas_fav" ("Configuracion_Becas_id");
CREATE INDEX "mainPage_becas_fav_usuario_id_1d12b451" ON "mainPage_becas_fav" ("usuario_id");
CREATE INDEX "mainPage_facultad_fav_Estudiante_id_d1363339" ON "mainPage_facultad_fav" ("Estudiante_id");
CREATE INDEX "mainPage_facultad_fav_Facultad_id_1f335188" ON "mainPage_facultad_fav" ("Facultad_id");
CREATE INDEX "mainPage_universidad_fav_Estudiante_id_aecc0689" ON "mainPage_universidad_fav" ("Estudiante_id");
CREATE INDEX "mainPage_universidad_fav_Universidad_id_f205137c" ON "mainPage_universidad_fav" ("Universidad_id");
COMMIT;
